interval,triggers,counter
00:00:00,29, DVPL1
00:00:00,42, DVPL10
00:00:00,42, DVPL2
00:00:00,14, DVPL3
00:00:00,35, DVPL4
00:00:00,39, DVPL5
00:00:00,222, DVPL6
00:00:00,43, DVPL7
00:00:00,30, DVPL8
00:00:00,395, DVPL9
00:00:00,102, HOEL1
00:00:00,13, HOEL10
00:00:00,65, HOEL11
00:00:00,66, HOEL12
00:00:00,48, HOEL13
00:00:00,97, HOEL2
00:00:00,107, HOEL4
00:00:00,7, HOEL5
00:00:00,28, HOEL6
00:00:00,134, HOEL8
00:10:00,28, DVPL1
00:10:00,42, DVPL10
00:10:00,41, DVPL2
00:10:00,14, DVPL3
00:10:00,36, DVPL4
00:10:00,24, DVPL5
00:10:00,224, DVPL6
00:10:00,24, DVPL7
00:10:00,33, DVPL8
00:10:00,371, DVPL9
00:10:00,48, HOEL1
00:10:00,10, HOEL10
00:10:00,62, HOEL11
00:10:00,60, HOEL12
00:10:00,61, HOEL13
00:10:00,83, HOEL2
00:10:00,110, HOEL4
00:10:00,9, HOEL5
00:10:00,24, HOEL6
00:10:00,143, HOEL8
00:20:00,22, DVPL1
00:20:00,39, DVPL10
00:20:00,28, DVPL2
00:20:00,8, DVPL3
00:20:00,29, DVPL4
00:20:00,16, DVPL5
00:20:00,184, DVPL6
00:20:00,26, DVPL7
00:20:00,31, DVPL8
00:20:00,411, DVPL9
00:20:00,31, HOEL1
00:20:00,11, HOEL10
00:20:00,76, HOEL11
00:20:00,68, HOEL12
00:20:00,24, HOEL13
00:20:00,70, HOEL2
00:20:00,130, HOEL4
00:20:00,15, HOEL5
00:20:00,24, HOEL6
00:20:00,121, HOEL8
00:30:00,19, DVPL1
00:30:00,16, DVPL10
00:30:00,31, DVPL2
00:30:00,9, DVPL3
00:30:00,41, DVPL4
00:30:00,16, DVPL5
00:30:00,199, DVPL6
00:30:00,18, DVPL7
00:30:00,44, DVPL8
00:30:00,302, DVPL9
00:30:00,48, HOEL1
00:30:00,5, HOEL10
00:30:00,97, HOEL11
00:30:00,37, HOEL12
00:30:00,31, HOEL13
00:30:00,45, HOEL2
00:30:00,151, HOEL4
00:30:00,7, HOEL5
00:30:00,28, HOEL6
00:30:00,152, HOEL8
00:40:00,17, DVPL1
00:40:00,46, DVPL10
00:40:00,34, DVPL2
00:40:00,7, DVPL3
00:40:00,44, DVPL4
00:40:00,13, DVPL5
00:40:00,171, DVPL6
00:40:00,43, DVPL7
00:40:00,28, DVPL8
00:40:00,264, DVPL9
00:40:00,26, HOEL1
00:40:00,7, HOEL10
00:40:00,52, HOEL11
00:40:00,57, HOEL12
00:40:00,31, HOEL13
00:40:00,73, HOEL2
00:40:00,153, HOEL4
00:40:00,22, HOEL5
00:40:00,25, HOEL6
00:40:00,146, HOEL8
00:50:00,18, DVPL1
00:50:00,12, DVPL10
00:50:00,24, DVPL2
00:50:00,8, DVPL3
00:50:00,39, DVPL4
00:50:00,13, DVPL5
00:50:00,142, DVPL6
00:50:00,30, DVPL7
00:50:00,34, DVPL8
00:50:00,274, DVPL9
00:50:00,27, HOEL1
00:50:00,11, HOEL10
00:50:00,28, HOEL11
00:50:00,70, HOEL12
00:50:00,37, HOEL13
00:50:00,53, HOEL2
00:50:00,184, HOEL4
00:50:00,33, HOEL5
00:50:00,15, HOEL6
00:50:00,149, HOEL8
01:00:00,18, DVPL1
01:00:00,18, DVPL10
01:00:00,22, DVPL2
01:00:00,10, DVPL3
01:00:00,40, DVPL4
01:00:00,14, DVPL5
01:00:00,129, DVPL6
01:00:00,19, DVPL7
01:00:00,28, DVPL8
01:00:00,260, DVPL9
01:00:00,27, HOEL1
01:00:00,7, HOEL10
01:00:00,16, HOEL11
01:00:00,46, HOEL12
01:00:00,27, HOEL13
01:00:00,51, HOEL2
01:00:00,142, HOEL4
01:00:00,18, HOEL5
01:00:00,27, HOEL6
01:00:00,199, HOEL8
01:10:00,25, DVPL1
01:10:00,22, DVPL10
01:10:00,42, DVPL2
01:10:00,5, DVPL3
01:10:00,21, DVPL4
01:10:00,16, DVPL5
01:10:00,138, DVPL6
01:10:00,19, DVPL7
01:10:00,31, DVPL8
01:10:00,278, DVPL9
01:10:00,54, HOEL1
01:10:00,3, HOEL10
01:10:00,57, HOEL11
01:10:00,12, HOEL12
01:10:00,26, HOEL13
01:10:00,55, HOEL2
01:10:00,142, HOEL4
01:10:00,17, HOEL5
01:10:00,12, HOEL6
01:10:00,180, HOEL8
01:20:00,26, DVPL1
01:20:00,22, DVPL10
01:20:00,23, DVPL2
01:20:00,1, DVPL3
01:20:00,11, DVPL4
01:20:00,5, DVPL5
01:20:00,95, DVPL6
01:20:00,10, DVPL7
01:20:00,25, DVPL8
01:20:00,299, DVPL9
01:20:00,65, HOEL1
01:20:00,5, HOEL10
01:20:00,87, HOEL11
01:20:00,10, HOEL12
01:20:00,39, HOEL13
01:20:00,69, HOEL2
01:20:00,114, HOEL4
01:20:00,16, HOEL5
01:20:00,13, HOEL6
01:20:00,153, HOEL8
01:30:00,9, DVPL1
01:30:00,22, DVPL10
01:30:00,15, DVPL2
01:30:00,9, DVPL3
01:30:00,19, DVPL4
01:30:00,6, DVPL5
01:30:00,97, DVPL6
01:30:00,16, DVPL7
01:30:00,14, DVPL8
01:30:00,242, DVPL9
01:30:00,39, HOEL1
01:30:00,7, HOEL10
01:30:00,71, HOEL11
01:30:00,24, HOEL12
01:30:00,35, HOEL13
01:30:00,83, HOEL2
01:30:00,118, HOEL4
01:30:00,13, HOEL5
01:30:00,14, HOEL6
01:30:00,216, HOEL8
01:40:00,11, DVPL1
01:40:00,16, DVPL10
01:40:00,23, DVPL2
01:40:00,7, DVPL3
01:40:00,37, DVPL4
01:40:00,15, DVPL5
01:40:00,106, DVPL6
01:40:00,21, DVPL7
01:40:00,39, DVPL8
01:40:00,247, DVPL9
01:40:00,24, HOEL1
01:40:00,7, HOEL10
01:40:00,38, HOEL11
01:40:00,14, HOEL12
01:40:00,24, HOEL13
01:40:00,72, HOEL2
01:40:00,140, HOEL4
01:40:00,18, HOEL5
01:40:00,11, HOEL6
01:40:00,201, HOEL8
01:50:00,6, DVPL1
01:50:00,50, DVPL10
01:50:00,39, DVPL2
01:50:00,13, DVPL3
01:50:00,35, DVPL4
01:50:00,26, DVPL5
01:50:00,95, DVPL6
01:50:00,39, DVPL7
01:50:00,48, DVPL8
01:50:00,230, DVPL9
01:50:00,26, HOEL1
01:50:00,6, HOEL10
01:50:00,29, HOEL11
01:50:00,13, HOEL12
01:50:00,14, HOEL13
01:50:00,43, HOEL2
01:50:00,69, HOEL4
01:50:00,33, HOEL5
01:50:00,12, HOEL6
01:50:00,154, HOEL8
02:00:00,17, DVPL1
02:00:00,40, DVPL10
02:00:00,44, DVPL2
02:00:00,1, DVPL3
02:00:00,29, DVPL4
02:00:00,33, DVPL5
02:00:00,111, DVPL6
02:00:00,35, DVPL7
02:00:00,24, DVPL8
02:00:00,239, DVPL9
02:00:00,37, HOEL1
02:00:00,7, HOEL10
02:00:00,42, HOEL11
02:00:00,13, HOEL12
02:00:00,17, HOEL13
02:00:00,55, HOEL2
02:00:00,68, HOEL4
02:00:00,24, HOEL5
02:00:00,3, HOEL6
02:00:00,176, HOEL8
02:10:00,25, DVPL1
02:10:00,51, DVPL10
02:10:00,46, DVPL2
02:10:00,9, DVPL3
02:10:00,29, DVPL4
02:10:00,25, DVPL5
02:10:00,116, DVPL6
02:10:00,30, DVPL7
02:10:00,31, DVPL8
02:10:00,193, DVPL9
02:10:00,18, HOEL1
02:10:00,4, HOEL10
02:10:00,24, HOEL11
02:10:00,19, HOEL12
02:10:00,32, HOEL13
02:10:00,72, HOEL2
02:10:00,50, HOEL4
02:10:00,4, HOEL5
02:10:00,5, HOEL6
02:10:00,203, HOEL8
02:20:00,7, DVPL1
02:20:00,26, DVPL10
02:20:00,39, DVPL2
02:20:00,3, DVPL3
02:20:00,29, DVPL4
02:20:00,7, DVPL5
02:20:00,96, DVPL6
02:20:00,26, DVPL7
02:20:00,29, DVPL8
02:20:00,196, DVPL9
02:20:00,29, HOEL1
02:20:00,9, HOEL10
02:20:00,42, HOEL11
02:20:00,24, HOEL12
02:20:00,26, HOEL13
02:20:00,61, HOEL2
02:20:00,90, HOEL4
02:20:00,7, HOEL5
02:20:00,8, HOEL6
02:20:00,210, HOEL8
02:30:00,4, DVPL1
02:30:00,16, DVPL10
02:30:00,13, DVPL2
02:30:00,9, DVPL4
02:30:00,12, DVPL5
02:30:00,101, DVPL6
02:30:00,13, DVPL7
02:30:00,6, DVPL8
02:30:00,152, DVPL9
02:30:00,16, HOEL1
02:30:00,8, HOEL10
02:30:00,42, HOEL11
02:30:00,12, HOEL12
02:30:00,47, HOEL13
02:30:00,53, HOEL2
02:30:00,81, HOEL4
02:30:00,6, HOEL5
02:30:00,4, HOEL6
02:30:00,174, HOEL8
02:40:00,3, DVPL1
02:40:00,15, DVPL10
02:40:00,18, DVPL2
02:40:00,7, DVPL3
02:40:00,10, DVPL4
02:40:00,17, DVPL5
02:40:00,101, DVPL6
02:40:00,12, DVPL7
02:40:00,7, DVPL8
02:40:00,156, DVPL9
02:40:00,35, HOEL1
02:40:00,6, HOEL10
02:40:00,64, HOEL11
02:40:00,22, HOEL12
02:40:00,66, HOEL13
02:40:00,77, HOEL2
02:40:00,78, HOEL4
02:40:00,10, HOEL5
02:40:00,12, HOEL6
02:40:00,182, HOEL8
02:50:00,3, DVPL1
02:50:00,5, DVPL10
02:50:00,12, DVPL2
02:50:00,10, DVPL3
02:50:00,11, DVPL4
02:50:00,4, DVPL5
02:50:00,89, DVPL6
02:50:00,13, DVPL7
02:50:00,9, DVPL8
02:50:00,142, DVPL9
02:50:00,33, HOEL1
02:50:00,11, HOEL10
02:50:00,58, HOEL11
02:50:00,29, HOEL12
02:50:00,31, HOEL13
02:50:00,67, HOEL2
02:50:00,129, HOEL4
02:50:00,17, HOEL5
02:50:00,11, HOEL6
02:50:00,228, HOEL8
03:00:00,4, DVPL1
03:00:00,15, DVPL10
03:00:00,8, DVPL2
03:00:00,9, DVPL3
03:00:00,20, DVPL4
03:00:00,8, DVPL5
03:00:00,66, DVPL6
03:00:00,18, DVPL7
03:00:00,9, DVPL8
03:00:00,142, DVPL9
03:00:00,33, HOEL1
03:00:00,8, HOEL10
03:00:00,59, HOEL11
03:00:00,32, HOEL12
03:00:00,43, HOEL13
03:00:00,64, HOEL2
03:00:00,151, HOEL4
03:00:00,32, HOEL5
03:00:00,6, HOEL6
03:00:00,181, HOEL8
03:10:00,7, DVPL1
03:10:00,17, DVPL10
03:10:00,12, DVPL2
03:10:00,6, DVPL3
03:10:00,14, DVPL4
03:10:00,3, DVPL5
03:10:00,83, DVPL6
03:10:00,16, DVPL7
03:10:00,20, DVPL8
03:10:00,161, DVPL9
03:10:00,26, HOEL1
03:10:00,20, HOEL10
03:10:00,31, HOEL11
03:10:00,27, HOEL12
03:10:00,48, HOEL13
03:10:00,44, HOEL2
03:10:00,133, HOEL4
03:10:00,21, HOEL5
03:10:00,10, HOEL6
03:10:00,179, HOEL8
03:20:00,7, DVPL1
03:20:00,15, DVPL10
03:20:00,16, DVPL2
03:20:00,2, DVPL3
03:20:00,8, DVPL4
03:20:00,8, DVPL5
03:20:00,71, DVPL6
03:20:00,15, DVPL7
03:20:00,11, DVPL8
03:20:00,139, DVPL9
03:20:00,29, HOEL1
03:20:00,11, HOEL10
03:20:00,22, HOEL11
03:20:00,22, HOEL12
03:20:00,56, HOEL13
03:20:00,76, HOEL2
03:20:00,138, HOEL4
03:20:00,31, HOEL5
03:20:00,4, HOEL6
03:20:00,224, HOEL8
03:30:00,4, DVPL1
03:30:00,27, DVPL10
03:30:00,11, DVPL2
03:30:00,13, DVPL3
03:30:00,16, DVPL4
03:30:00,10, DVPL5
03:30:00,87, DVPL6
03:30:00,31, DVPL7
03:30:00,38, DVPL8
03:30:00,144, DVPL9
03:30:00,35, HOEL1
03:30:00,34, HOEL10
03:30:00,20, HOEL11
03:30:00,26, HOEL12
03:30:00,28, HOEL13
03:30:00,71, HOEL2
03:30:00,110, HOEL4
03:30:00,13, HOEL5
03:30:00,10, HOEL6
03:30:00,188, HOEL8
03:40:00,2, DVPL1
03:40:00,40, DVPL10
03:40:00,12, DVPL2
03:40:00,8, DVPL3
03:40:00,28, DVPL4
03:40:00,23, DVPL5
03:40:00,71, DVPL6
03:40:00,30, DVPL7
03:40:00,20, DVPL8
03:40:00,112, DVPL9
03:40:00,31, HOEL1
03:40:00,22, HOEL10
03:40:00,14, HOEL11
03:40:00,18, HOEL12
03:40:00,23, HOEL13
03:40:00,84, HOEL2
03:40:00,98, HOEL4
03:40:00,8, HOEL5
03:40:00,7, HOEL6
03:40:00,183, HOEL8
03:50:00,11, DVPL1
03:50:00,22, DVPL10
03:50:00,7, DVPL2
03:50:00,19, DVPL3
03:50:00,12, DVPL4
03:50:00,12, DVPL5
03:50:00,79, DVPL6
03:50:00,33, DVPL7
03:50:00,38, DVPL8
03:50:00,111, DVPL9
03:50:00,52, HOEL1
03:50:00,17, HOEL10
03:50:00,22, HOEL11
03:50:00,36, HOEL12
03:50:00,40, HOEL13
03:50:00,78, HOEL2
03:50:00,70, HOEL4
03:50:00,10, HOEL5
03:50:00,7, HOEL6
03:50:00,173, HOEL8
04:00:00,9, DVPL1
04:00:00,39, DVPL10
04:00:00,12, DVPL2
04:00:00,18, DVPL3
04:00:00,10, DVPL4
04:00:00,36, DVPL5
04:00:00,75, DVPL6
04:00:00,38, DVPL7
04:00:00,40, DVPL8
04:00:00,95, DVPL9
04:00:00,37, HOEL1
04:00:00,12, HOEL10
04:00:00,34, HOEL11
04:00:00,31, HOEL12
04:00:00,47, HOEL13
04:00:00,69, HOEL2
04:00:00,102, HOEL4
04:00:00,19, HOEL5
04:00:00,7, HOEL6
04:00:00,161, HOEL8
04:10:00,8, DVPL1
04:10:00,29, DVPL10
04:10:00,19, DVPL2
04:10:00,8, DVPL3
04:10:00,7, DVPL4
04:10:00,12, DVPL5
04:10:00,92, DVPL6
04:10:00,13, DVPL7
04:10:00,29, DVPL8
04:10:00,110, DVPL9
04:10:00,21, HOEL1
04:10:00,16, HOEL10
04:10:00,49, HOEL11
04:10:00,28, HOEL12
04:10:00,55, HOEL13
04:10:00,86, HOEL2
04:10:00,119, HOEL4
04:10:00,13, HOEL5
04:10:00,5, HOEL6
04:10:00,157, HOEL8
04:20:00,6, DVPL1
04:20:00,28, DVPL10
04:20:00,11, DVPL2
04:20:00,29, DVPL3
04:20:00,4, DVPL4
04:20:00,23, DVPL5
04:20:00,74, DVPL6
04:20:00,38, DVPL7
04:20:00,18, DVPL8
04:20:00,127, DVPL9
04:20:00,23, HOEL1
04:20:00,3, HOEL10
04:20:00,51, HOEL11
04:20:00,28, HOEL12
04:20:00,53, HOEL13
04:20:00,75, HOEL2
04:20:00,114, HOEL4
04:20:00,11, HOEL5
04:20:00,3, HOEL6
04:20:00,108, HOEL8
04:30:00,3, DVPL1
04:30:00,23, DVPL10
04:30:00,6, DVPL2
04:30:00,7, DVPL3
04:30:00,11, DVPL4
04:30:00,18, DVPL5
04:30:00,66, DVPL6
04:30:00,23, DVPL7
04:30:00,11, DVPL8
04:30:00,106, DVPL9
04:30:00,26, HOEL1
04:30:00,8, HOEL10
04:30:00,34, HOEL11
04:30:00,10, HOEL12
04:30:00,57, HOEL13
04:30:00,57, HOEL2
04:30:00,48, HOEL4
04:30:00,3, HOEL5
04:30:00,3, HOEL6
04:30:00,150, HOEL8
04:40:00,3, DVPL1
04:40:00,8, DVPL10
04:40:00,13, DVPL2
04:40:00,9, DVPL3
04:40:00,6, DVPL4
04:40:00,15, DVPL5
04:40:00,103, DVPL6
04:40:00,14, DVPL7
04:40:00,20, DVPL8
04:40:00,114, DVPL9
04:40:00,22, HOEL1
04:40:00,16, HOEL10
04:40:00,33, HOEL11
04:40:00,15, HOEL12
04:40:00,50, HOEL13
04:40:00,66, HOEL2
04:40:00,64, HOEL4
04:40:00,4, HOEL5
04:40:00,7, HOEL6
04:40:00,145, HOEL8
04:50:00,4, DVPL1
04:50:00,27, DVPL10
04:50:00,8, DVPL2
04:50:00,26, DVPL3
04:50:00,15, DVPL4
04:50:00,14, DVPL5
04:50:00,93, DVPL6
04:50:00,29, DVPL7
04:50:00,10, DVPL8
04:50:00,95, DVPL9
04:50:00,33, HOEL1
04:50:00,79, HOEL10
04:50:00,29, HOEL11
04:50:00,15, HOEL12
04:50:00,85, HOEL13
04:50:00,95, HOEL2
04:50:00,58, HOEL4
04:50:00,6, HOEL5
04:50:00,5, HOEL6
04:50:00,168, HOEL8
05:00:00,3, DVPL1
05:00:00,18, DVPL10
05:00:00,9, DVPL2
05:00:00,6, DVPL3
05:00:00,8, DVPL4
05:00:00,13, DVPL5
05:00:00,138, DVPL6
05:00:00,27, DVPL7
05:00:00,26, DVPL8
05:00:00,87, DVPL9
05:00:00,39, HOEL1
05:00:00,69, HOEL10
05:00:00,37, HOEL11
05:00:00,26, HOEL12
05:00:00,62, HOEL13
05:00:00,92, HOEL2
05:00:00,40, HOEL4
05:00:00,7, HOEL5
05:00:00,8, HOEL6
05:00:00,157, HOEL8
05:10:00,21, DVPL1
05:10:00,10, DVPL10
05:10:00,15, DVPL2
05:10:00,7, DVPL3
05:10:00,11, DVPL4
05:10:00,18, DVPL5
05:10:00,188, DVPL6
05:10:00,15, DVPL7
05:10:00,18, DVPL8
05:10:00,81, DVPL9
05:10:00,52, HOEL1
05:10:00,61, HOEL10
05:10:00,30, HOEL11
05:10:00,27, HOEL12
05:10:00,66, HOEL13
05:10:00,94, HOEL2
05:10:00,50, HOEL4
05:10:00,11, HOEL5
05:10:00,16, HOEL6
05:10:00,127, HOEL8
05:20:00,16, DVPL1
05:20:00,16, DVPL10
05:20:00,13, DVPL2
05:20:00,10, DVPL3
05:20:00,13, DVPL4
05:20:00,31, DVPL5
05:20:00,191, DVPL6
05:20:00,7, DVPL7
05:20:00,21, DVPL8
05:20:00,73, DVPL9
05:20:00,43, HOEL1
05:20:00,80, HOEL10
05:20:00,80, HOEL11
05:20:00,19, HOEL12
05:20:00,74, HOEL13
05:20:00,97, HOEL2
05:20:00,53, HOEL4
05:20:00,9, HOEL5
05:20:00,4, HOEL6
05:20:00,137, HOEL8
05:30:00,15, DVPL1
05:30:00,9, DVPL10
05:30:00,12, DVPL2
05:30:00,17, DVPL3
05:30:00,4, DVPL4
05:30:00,34, DVPL5
05:30:00,217, DVPL6
05:30:00,14, DVPL7
05:30:00,37, DVPL8
05:30:00,69, DVPL9
05:30:00,23, HOEL1
05:30:00,55, HOEL10
05:30:00,41, HOEL11
05:30:00,30, HOEL12
05:30:00,85, HOEL13
05:30:00,108, HOEL2
05:30:00,76, HOEL4
05:30:00,12, HOEL5
05:30:00,13, HOEL6
05:30:00,122, HOEL8
05:40:00,18, DVPL1
05:40:00,15, DVPL10
05:40:00,29, DVPL2
05:40:00,10, DVPL3
05:40:00,20, DVPL4
05:40:00,41, DVPL5
05:40:00,319, DVPL6
05:40:00,22, DVPL7
05:40:00,17, DVPL8
05:40:00,104, DVPL9
05:40:00,44, HOEL1
05:40:00,17, HOEL10
05:40:00,63, HOEL11
05:40:00,21, HOEL12
05:40:00,61, HOEL13
05:40:00,112, HOEL2
05:40:00,74, HOEL4
05:40:00,9, HOEL5
05:40:00,29, HOEL6
05:40:00,127, HOEL8
05:50:00,11, DVPL1
05:50:00,11, DVPL10
05:50:00,25, DVPL2
05:50:00,16, DVPL3
05:50:00,20, DVPL4
05:50:00,37, DVPL5
05:50:00,254, DVPL6
05:50:00,7, DVPL7
05:50:00,19, DVPL8
05:50:00,108, DVPL9
05:50:00,46, HOEL1
05:50:00,14, HOEL10
05:50:00,59, HOEL11
05:50:00,15, HOEL12
05:50:00,38, HOEL13
05:50:00,69, HOEL2
05:50:00,62, HOEL4
05:50:00,10, HOEL5
05:50:00,20, HOEL6
05:50:00,131, HOEL8
06:00:00,20, DVPL1
06:00:00,26, DVPL10
06:00:00,29, DVPL2
06:00:00,24, DVPL3
06:00:00,27, DVPL4
06:00:00,58, DVPL5
06:00:00,330, DVPL6
06:00:00,26, DVPL7
06:00:00,36, DVPL8
06:00:00,95, DVPL9
06:00:00,48, HOEL1
06:00:00,72, HOEL10
06:00:00,69, HOEL11
06:00:00,39, HOEL12
06:00:00,42, HOEL13
06:00:00,63, HOEL2
06:00:00,68, HOEL4
06:00:00,5, HOEL5
06:00:00,20, HOEL6
06:00:00,107, HOEL8
06:10:00,31, DVPL1
06:10:00,41, DVPL10
06:10:00,42, DVPL2
06:10:00,33, DVPL3
06:10:00,61, DVPL4
06:10:00,62, DVPL5
06:10:00,435, DVPL6
06:10:00,39, DVPL7
06:10:00,62, DVPL8
06:10:00,125, DVPL9
06:10:00,42, HOEL1
06:10:00,85, HOEL10
06:10:00,75, HOEL11
06:10:00,31, HOEL12
06:10:00,72, HOEL13
06:10:00,84, HOEL2
06:10:00,80, HOEL4
06:10:00,28, HOEL5
06:10:00,26, HOEL6
06:10:00,100, HOEL8
06:20:00,37, DVPL1
06:20:00,70, DVPL10
06:20:00,33, DVPL2
06:20:00,35, DVPL3
06:20:00,53, DVPL4
06:20:00,60, DVPL5
06:20:00,392, DVPL6
06:20:00,40, DVPL7
06:20:00,50, DVPL8
06:20:00,121, DVPL9
06:20:00,40, HOEL1
06:20:00,73, HOEL10
06:20:00,88, HOEL11
06:20:00,30, HOEL12
06:20:00,70, HOEL13
06:20:00,116, HOEL2
06:20:00,88, HOEL4
06:20:00,21, HOEL5
06:20:00,34, HOEL6
06:20:00,118, HOEL8
06:30:00,66, DVPL1
06:30:00,80, DVPL10
06:30:00,24, DVPL2
06:30:00,33, DVPL3
06:30:00,47, DVPL4
06:30:00,60, DVPL5
06:30:00,527, DVPL6
06:30:00,34, DVPL7
06:30:00,49, DVPL8
06:30:00,106, DVPL9
06:30:00,49, HOEL1
06:30:00,71, HOEL10
06:30:00,114, HOEL11
06:30:00,50, HOEL12
06:30:00,79, HOEL13
06:30:00,115, HOEL2
06:30:00,70, HOEL4
06:30:00,17, HOEL5
06:30:00,30, HOEL6
06:30:00,124, HOEL8
06:40:00,108, DVPL1
06:40:00,78, DVPL10
06:40:00,47, DVPL2
06:40:00,46, DVPL3
06:40:00,69, DVPL4
06:40:00,69, DVPL5
06:40:00,622, DVPL6
06:40:00,37, DVPL7
06:40:00,102, DVPL8
06:40:00,95, DVPL9
06:40:00,41, HOEL1
06:40:00,67, HOEL10
06:40:00,82, HOEL11
06:40:00,41, HOEL12
06:40:00,74, HOEL13
06:40:00,150, HOEL2
06:40:00,93, HOEL4
06:40:00,28, HOEL5
06:40:00,48, HOEL6
06:40:00,99, HOEL8
06:50:00,83, DVPL1
06:50:00,98, DVPL10
06:50:00,57, DVPL2
06:50:00,37, DVPL3
06:50:00,88, DVPL4
06:50:00,69, DVPL5
06:50:00,609, DVPL6
06:50:00,34, DVPL7
06:50:00,92, DVPL8
06:50:00,105, DVPL9
06:50:00,47, HOEL1
06:50:00,33, HOEL10
06:50:00,85, HOEL11
06:50:00,29, HOEL12
06:50:00,127, HOEL13
06:50:00,147, HOEL2
06:50:00,115, HOEL4
06:50:00,17, HOEL5
06:50:00,51, HOEL6
06:50:00,75, HOEL8
07:00:00,112, DVPL1
07:00:00,77, DVPL10
07:00:00,74, DVPL2
07:00:00,52, DVPL3
07:00:00,97, DVPL4
07:00:00,92, DVPL5
07:00:00,612, DVPL6
07:00:00,30, DVPL7
07:00:00,89, DVPL8
07:00:00,61, DVPL9
07:00:00,61, HOEL1
07:00:00,37, HOEL10
07:00:00,67, HOEL11
07:00:00,29, HOEL12
07:00:00,65, HOEL13
07:00:00,161, HOEL2
07:00:00,166, HOEL4
07:00:00,42, HOEL5
07:00:00,46, HOEL6
07:00:00,76, HOEL8
07:10:00,128, DVPL1
07:10:00,81, DVPL10
07:10:00,71, DVPL2
07:10:00,75, DVPL3
07:10:00,112, DVPL4
07:10:00,125, DVPL5
07:10:00,672, DVPL6
07:10:00,55, DVPL7
07:10:00,89, DVPL8
07:10:00,62, DVPL9
07:10:00,42, HOEL1
07:10:00,50, HOEL10
07:10:00,35, HOEL11
07:10:00,60, HOEL12
07:10:00,101, HOEL13
07:10:00,111, HOEL2
07:10:00,119, HOEL4
07:10:00,21, HOEL5
07:10:00,45, HOEL6
07:10:00,83, HOEL8
07:20:00,92, DVPL1
07:20:00,72, DVPL10
07:20:00,87, DVPL2
07:20:00,75, DVPL3
07:20:00,160, DVPL4
07:20:00,121, DVPL5
07:20:00,659, DVPL6
07:20:00,62, DVPL7
07:20:00,99, DVPL8
07:20:00,73, DVPL9
07:20:00,39, HOEL1
07:20:00,62, HOEL10
07:20:00,75, HOEL11
07:20:00,38, HOEL12
07:20:00,124, HOEL13
07:20:00,156, HOEL2
07:20:00,181, HOEL4
07:20:00,51, HOEL5
07:20:00,83, HOEL6
07:20:00,79, HOEL8
07:30:00,117, DVPL1
07:30:00,86, DVPL10
07:30:00,126, DVPL2
07:30:00,74, DVPL3
07:30:00,170, DVPL4
07:30:00,147, DVPL5
07:30:00,649, DVPL6
07:30:00,58, DVPL7
07:30:00,149, DVPL8
07:30:00,86, DVPL9
07:30:00,87, HOEL1
07:30:00,49, HOEL10
07:30:00,76, HOEL11
07:30:00,59, HOEL12
07:30:00,112, HOEL13
07:30:00,112, HOEL2
07:30:00,161, HOEL4
07:30:00,50, HOEL5
07:30:00,62, HOEL6
07:30:00,81, HOEL8
07:40:00,171, DVPL1
07:40:00,121, DVPL10
07:40:00,136, DVPL2
07:40:00,75, DVPL3
07:40:00,157, DVPL4
07:40:00,134, DVPL5
07:40:00,666, DVPL6
07:40:00,62, DVPL7
07:40:00,158, DVPL8
07:40:00,72, DVPL9
07:40:00,82, HOEL1
07:40:00,75, HOEL10
07:40:00,78, HOEL11
07:40:00,77, HOEL12
07:40:00,81, HOEL13
07:40:00,164, HOEL2
07:40:00,165, HOEL4
07:40:00,60, HOEL5
07:40:00,65, HOEL6
07:40:00,76, HOEL8
07:50:00,217, DVPL1
07:50:00,95, DVPL10
07:50:00,163, DVPL2
07:50:00,85, DVPL3
07:50:00,159, DVPL4
07:50:00,150, DVPL5
07:50:00,701, DVPL6
07:50:00,110, DVPL7
07:50:00,178, DVPL8
07:50:00,79, DVPL9
07:50:00,123, HOEL1
07:50:00,74, HOEL10
07:50:00,70, HOEL11
07:50:00,81, HOEL12
07:50:00,102, HOEL13
07:50:00,173, HOEL2
07:50:00,166, HOEL4
07:50:00,32, HOEL5
07:50:00,95, HOEL6
07:50:00,77, HOEL8
08:00:00,174, DVPL1
08:00:00,76, DVPL10
08:00:00,218, DVPL2
08:00:00,141, DVPL3
08:00:00,183, DVPL4
08:00:00,219, DVPL5
08:00:00,702, DVPL6
08:00:00,94, DVPL7
08:00:00,223, DVPL8
08:00:00,84, DVPL9
08:00:00,100, HOEL1
08:00:00,92, HOEL10
08:00:00,77, HOEL11
08:00:00,81, HOEL12
08:00:00,94, HOEL13
08:00:00,190, HOEL2
08:00:00,187, HOEL4
08:00:00,27, HOEL5
08:00:00,83, HOEL6
08:00:00,64, HOEL8
08:10:00,182, DVPL1
08:10:00,137, DVPL10
08:10:00,279, DVPL2
08:10:00,103, DVPL3
08:10:00,190, DVPL4
08:10:00,213, DVPL5
08:10:00,740, DVPL6
08:10:00,110, DVPL7
08:10:00,149, DVPL8
08:10:00,77, DVPL9
08:10:00,99, HOEL1
08:10:00,81, HOEL10
08:10:00,76, HOEL11
08:10:00,83, HOEL12
08:10:00,114, HOEL13
08:10:00,229, HOEL2
08:10:00,230, HOEL4
08:10:00,27, HOEL5
08:10:00,114, HOEL6
08:10:00,58, HOEL8
08:20:00,224, DVPL1
08:20:00,160, DVPL10
08:20:00,181, DVPL2
08:20:00,102, DVPL3
08:20:00,137, DVPL4
08:20:00,182, DVPL5
08:20:00,788, DVPL6
08:20:00,216, DVPL7
08:20:00,182, DVPL8
08:20:00,82, DVPL9
08:20:00,108, HOEL1
08:20:00,94, HOEL10
08:20:00,99, HOEL11
08:20:00,51, HOEL12
08:20:00,135, HOEL13
08:20:00,202, HOEL2
08:20:00,170, HOEL4
08:20:00,46, HOEL5
08:20:00,121, HOEL6
08:20:00,42, HOEL8
08:30:00,232, DVPL1
08:30:00,192, DVPL10
08:30:00,166, DVPL2
08:30:00,87, DVPL3
08:30:00,158, DVPL4
08:30:00,184, DVPL5
08:30:00,742, DVPL6
08:30:00,258, DVPL7
08:30:00,130, DVPL8
08:30:00,80, DVPL9
08:30:00,176, HOEL1
08:30:00,72, HOEL10
08:30:00,142, HOEL11
08:30:00,62, HOEL12
08:30:00,85, HOEL13
08:30:00,176, HOEL2
08:30:00,135, HOEL4
08:30:00,32, HOEL5
08:30:00,124, HOEL6
08:30:00,56, HOEL8
08:40:00,251, DVPL1
08:40:00,148, DVPL10
08:40:00,130, DVPL2
08:40:00,99, DVPL3
08:40:00,158, DVPL4
08:40:00,170, DVPL5
08:40:00,795, DVPL6
08:40:00,293, DVPL7
08:40:00,171, DVPL8
08:40:00,89, DVPL9
08:40:00,167, HOEL1
08:40:00,82, HOEL10
08:40:00,99, HOEL11
08:40:00,72, HOEL12
08:40:00,139, HOEL13
08:40:00,159, HOEL2
08:40:00,195, HOEL4
08:40:00,26, HOEL5
08:40:00,129, HOEL6
08:40:00,60, HOEL8
08:50:00,233, DVPL1
08:50:00,175, DVPL10
08:50:00,146, DVPL2
08:50:00,144, DVPL3
08:50:00,190, DVPL4
08:50:00,220, DVPL5
08:50:00,803, DVPL6
08:50:00,345, DVPL7
08:50:00,141, DVPL8
08:50:00,66, DVPL9
08:50:00,147, HOEL1
08:50:00,75, HOEL10
08:50:00,83, HOEL11
08:50:00,91, HOEL12
08:50:00,130, HOEL13
08:50:00,206, HOEL2
08:50:00,227, HOEL4
08:50:00,21, HOEL5
08:50:00,141, HOEL6
08:50:00,50, HOEL8
09:00:00,210, DVPL1
09:00:00,159, DVPL10
09:00:00,107, DVPL2
09:00:00,254, DVPL3
09:00:00,154, DVPL4
09:00:00,205, DVPL5
09:00:00,747, DVPL6
09:00:00,317, DVPL7
09:00:00,191, DVPL8
09:00:00,60, DVPL9
09:00:00,125, HOEL1
09:00:00,68, HOEL10
09:00:00,73, HOEL11
09:00:00,77, HOEL12
09:00:00,105, HOEL13
09:00:00,162, HOEL2
09:00:00,204, HOEL4
09:00:00,31, HOEL5
09:00:00,129, HOEL6
09:00:00,46, HOEL8
09:10:00,221, DVPL1
09:10:00,235, DVPL10
09:10:00,114, DVPL2
09:10:00,285, DVPL3
09:10:00,147, DVPL4
09:10:00,246, DVPL5
09:10:00,740, DVPL6
09:10:00,327, DVPL7
09:10:00,142, DVPL8
09:10:00,52, DVPL9
09:10:00,154, HOEL1
09:10:00,76, HOEL10
09:10:00,61, HOEL11
09:10:00,110, HOEL12
09:10:00,134, HOEL13
09:10:00,249, HOEL2
09:10:00,227, HOEL4
09:10:00,38, HOEL5
09:10:00,132, HOEL6
09:10:00,62, HOEL8
09:20:00,254, DVPL1
09:20:00,146, DVPL10
09:20:00,125, DVPL2
09:20:00,337, DVPL3
09:20:00,176, DVPL4
09:20:00,176, DVPL5
09:20:00,742, DVPL6
09:20:00,353, DVPL7
09:20:00,167, DVPL8
09:20:00,86, DVPL9
09:20:00,180, HOEL1
09:20:00,102, HOEL10
09:20:00,58, HOEL11
09:20:00,98, HOEL12
09:20:00,139, HOEL13
09:20:00,205, HOEL2
09:20:00,172, HOEL4
09:20:00,48, HOEL5
09:20:00,104, HOEL6
09:20:00,72, HOEL8
09:30:00,246, DVPL1
09:30:00,164, DVPL10
09:30:00,144, DVPL2
09:30:00,376, DVPL3
09:30:00,188, DVPL4
09:30:00,223, DVPL5
09:30:00,734, DVPL6
09:30:00,376, DVPL7
09:30:00,168, DVPL8
09:30:00,89, DVPL9
09:30:00,206, HOEL1
09:30:00,122, HOEL10
09:30:00,79, HOEL11
09:30:00,134, HOEL12
09:30:00,123, HOEL13
09:30:00,258, HOEL2
09:30:00,227, HOEL4
09:30:00,40, HOEL5
09:30:00,116, HOEL6
09:30:00,70, HOEL8
09:40:00,274, DVPL1
09:40:00,148, DVPL10
09:40:00,138, DVPL2
09:40:00,328, DVPL3
09:40:00,191, DVPL4
09:40:00,213, DVPL5
09:40:00,749, DVPL6
09:40:00,432, DVPL7
09:40:00,160, DVPL8
09:40:00,62, DVPL9
09:40:00,246, HOEL1
09:40:00,122, HOEL10
09:40:00,47, HOEL11
09:40:00,187, HOEL12
09:40:00,165, HOEL13
09:40:00,280, HOEL2
09:40:00,264, HOEL4
09:40:00,50, HOEL5
09:40:00,138, HOEL6
09:40:00,89, HOEL8
09:50:00,284, DVPL1
09:50:00,142, DVPL10
09:50:00,121, DVPL2
09:50:00,277, DVPL3
09:50:00,223, DVPL4
09:50:00,219, DVPL5
09:50:00,759, DVPL6
09:50:00,419, DVPL7
09:50:00,176, DVPL8
09:50:00,45, DVPL9
09:50:00,217, HOEL1
09:50:00,159, HOEL10
09:50:00,98, HOEL11
09:50:00,180, HOEL12
09:50:00,206, HOEL13
09:50:00,228, HOEL2
09:50:00,263, HOEL4
09:50:00,55, HOEL5
09:50:00,140, HOEL6
09:50:00,95, HOEL8
10:00:00,270, DVPL1
10:00:00,144, DVPL10
10:00:00,144, DVPL2
10:00:00,318, DVPL3
10:00:00,190, DVPL4
10:00:00,211, DVPL5
10:00:00,742, DVPL6
10:00:00,364, DVPL7
10:00:00,189, DVPL8
10:00:00,30, DVPL9
10:00:00,236, HOEL1
10:00:00,156, HOEL10
10:00:00,111, HOEL11
10:00:00,208, HOEL12
10:00:00,216, HOEL13
10:00:00,282, HOEL2
10:00:00,214, HOEL4
10:00:00,44, HOEL5
10:00:00,139, HOEL6
10:00:00,111, HOEL8
10:10:00,266, DVPL1
10:10:00,171, DVPL10
10:10:00,139, DVPL2
10:10:00,405, DVPL3
10:10:00,201, DVPL4
10:10:00,223, DVPL5
10:10:00,762, DVPL6
10:10:00,452, DVPL7
10:10:00,208, DVPL8
10:10:00,39, DVPL9
10:10:00,233, HOEL1
10:10:00,139, HOEL10
10:10:00,160, HOEL11
10:10:00,213, HOEL12
10:10:00,206, HOEL13
10:10:00,309, HOEL2
10:10:00,210, HOEL4
10:10:00,34, HOEL5
10:10:00,123, HOEL6
10:10:00,69, HOEL8
10:20:00,268, DVPL1
10:20:00,182, DVPL10
10:20:00,134, DVPL2
10:20:00,439, DVPL3
10:20:00,228, DVPL4
10:20:00,237, DVPL5
10:20:00,779, DVPL6
10:20:00,475, DVPL7
10:20:00,211, DVPL8
10:20:00,51, DVPL9
10:20:00,252, HOEL1
10:20:00,143, HOEL10
10:20:00,197, HOEL11
10:20:00,178, HOEL12
10:20:00,302, HOEL13
10:20:00,318, HOEL2
10:20:00,241, HOEL4
10:20:00,63, HOEL5
10:20:00,144, HOEL6
10:20:00,84, HOEL8
10:30:00,296, DVPL1
10:30:00,214, DVPL10
10:30:00,168, DVPL2
10:30:00,486, DVPL3
10:30:00,228, DVPL4
10:30:00,242, DVPL5
10:30:00,785, DVPL6
10:30:00,542, DVPL7
10:30:00,217, DVPL8
10:30:00,25, DVPL9
10:30:00,296, HOEL1
10:30:00,235, HOEL10
10:30:00,263, HOEL11
10:30:00,182, HOEL12
10:30:00,299, HOEL13
10:30:00,257, HOEL2
10:30:00,236, HOEL4
10:30:00,60, HOEL5
10:30:00,144, HOEL6
10:30:00,90, HOEL8
10:40:00,344, DVPL1
10:40:00,199, DVPL10
10:40:00,158, DVPL2
10:40:00,457, DVPL3
10:40:00,210, DVPL4
10:40:00,215, DVPL5
10:40:00,783, DVPL6
10:40:00,479, DVPL7
10:40:00,214, DVPL8
10:40:00,41, DVPL9
10:40:00,326, HOEL1
10:40:00,216, HOEL10
10:40:00,189, HOEL11
10:40:00,223, HOEL12
10:40:00,314, HOEL13
10:40:00,330, HOEL2
10:40:00,269, HOEL4
10:40:00,58, HOEL5
10:40:00,143, HOEL6
10:40:00,67, HOEL8
10:50:00,256, DVPL1
10:50:00,201, DVPL10
10:50:00,165, DVPL2
10:50:00,440, DVPL3
10:50:00,196, DVPL4
10:50:00,185, DVPL5
10:50:00,801, DVPL6
10:50:00,412, DVPL7
10:50:00,164, DVPL8
10:50:00,40, DVPL9
10:50:00,276, HOEL1
10:50:00,220, HOEL10
10:50:00,261, HOEL11
10:50:00,234, HOEL12
10:50:00,333, HOEL13
10:50:00,329, HOEL2
10:50:00,280, HOEL4
10:50:00,57, HOEL5
10:50:00,152, HOEL6
10:50:00,70, HOEL8
11:00:00,285, DVPL1
11:00:00,169, DVPL10
11:00:00,151, DVPL2
11:00:00,446, DVPL3
11:00:00,198, DVPL4
11:00:00,203, DVPL5
11:00:00,793, DVPL6
11:00:00,404, DVPL7
11:00:00,187, DVPL8
11:00:00,37, DVPL9
11:00:00,305, HOEL1
11:00:00,223, HOEL10
11:00:00,324, HOEL11
11:00:00,232, HOEL12
11:00:00,287, HOEL13
11:00:00,362, HOEL2
11:00:00,237, HOEL4
11:00:00,45, HOEL5
11:00:00,155, HOEL6
11:00:00,78, HOEL8
11:10:00,334, DVPL1
11:10:00,178, DVPL10
11:10:00,196, DVPL2
11:10:00,446, DVPL3
11:10:00,196, DVPL4
11:10:00,267, DVPL5
11:10:00,761, DVPL6
11:10:00,464, DVPL7
11:10:00,230, DVPL8
11:10:00,40, DVPL9
11:10:00,331, HOEL1
11:10:00,250, HOEL10
11:10:00,307, HOEL11
11:10:00,249, HOEL12
11:10:00,308, HOEL13
11:10:00,372, HOEL2
11:10:00,225, HOEL4
11:10:00,53, HOEL5
11:10:00,170, HOEL6
11:10:00,65, HOEL8
11:20:00,301, DVPL1
11:20:00,184, DVPL10
11:20:00,198, DVPL2
11:20:00,507, DVPL3
11:20:00,191, DVPL4
11:20:00,268, DVPL5
11:20:00,789, DVPL6
11:20:00,414, DVPL7
11:20:00,208, DVPL8
11:20:00,21, DVPL9
11:20:00,351, HOEL1
11:20:00,269, HOEL10
11:20:00,323, HOEL11
11:20:00,233, HOEL12
11:20:00,326, HOEL13
11:20:00,356, HOEL2
11:20:00,188, HOEL4
11:20:00,65, HOEL5
11:20:00,154, HOEL6
11:20:00,67, HOEL8
11:30:00,305, DVPL1
11:30:00,159, DVPL10
11:30:00,186, DVPL2
11:30:00,468, DVPL3
11:30:00,185, DVPL4
11:30:00,310, DVPL5
11:30:00,820, DVPL6
11:30:00,458, DVPL7
11:30:00,243, DVPL8
11:30:00,34, DVPL9
11:30:00,385, HOEL1
11:30:00,284, HOEL10
11:30:00,356, HOEL11
11:30:00,213, HOEL12
11:30:00,328, HOEL13
11:30:00,387, HOEL2
11:30:00,214, HOEL4
11:30:00,49, HOEL5
11:30:00,175, HOEL6
11:30:00,67, HOEL8
11:40:00,294, DVPL1
11:40:00,208, DVPL10
11:40:00,160, DVPL2
11:40:00,503, DVPL3
11:40:00,294, DVPL4
11:40:00,340, DVPL5
11:40:00,843, DVPL6
11:40:00,446, DVPL7
11:40:00,232, DVPL8
11:40:00,60, DVPL9
11:40:00,353, HOEL1
11:40:00,372, HOEL10
11:40:00,391, HOEL11
11:40:00,283, HOEL12
11:40:00,392, HOEL13
11:40:00,356, HOEL2
11:40:00,200, HOEL4
11:40:00,63, HOEL5
11:40:00,172, HOEL6
11:40:00,64, HOEL8
11:50:00,246, DVPL1
11:50:00,200, DVPL10
11:50:00,209, DVPL2
11:50:00,469, DVPL3
11:50:00,205, DVPL4
11:50:00,349, DVPL5
11:50:00,838, DVPL6
11:50:00,381, DVPL7
11:50:00,240, DVPL8
11:50:00,48, DVPL9
11:50:00,444, HOEL1
11:50:00,296, HOEL10
11:50:00,499, HOEL11
11:50:00,216, HOEL12
11:50:00,380, HOEL13
11:50:00,398, HOEL2
11:50:00,257, HOEL4
11:50:00,51, HOEL5
11:50:00,165, HOEL6
11:50:00,63, HOEL8
12:00:00,279, DVPL1
12:00:00,186, DVPL10
12:00:00,207, DVPL2
12:00:00,473, DVPL3
12:00:00,248, DVPL4
12:00:00,319, DVPL5
12:00:00,817, DVPL6
12:00:00,425, DVPL7
12:00:00,213, DVPL8
12:00:00,47, DVPL9
12:00:00,357, HOEL1
12:00:00,298, HOEL10
12:00:00,454, HOEL11
12:00:00,260, HOEL12
12:00:00,354, HOEL13
12:00:00,471, HOEL2
12:00:00,29, HOEL3
12:00:00,262, HOEL4
12:00:00,70, HOEL5
12:00:00,183, HOEL6
12:00:00,72, HOEL8
12:10:00,294, DVPL1
12:10:00,232, DVPL10
12:10:00,204, DVPL2
12:10:00,431, DVPL3
12:10:00,218, DVPL4
12:10:00,312, DVPL5
12:10:00,844, DVPL6
12:10:00,378, DVPL7
12:10:00,200, DVPL8
12:10:00,30, DVPL9
12:10:00,382, HOEL1
12:10:00,294, HOEL10
12:10:00,410, HOEL11
12:10:00,218, HOEL12
12:10:00,428, HOEL13
12:10:00,442, HOEL2
12:10:00,9, HOEL3
12:10:00,212, HOEL4
12:10:00,109, HOEL5
12:10:00,172, HOEL6
12:10:00,72, HOEL8
12:20:00,275, DVPL1
12:20:00,228, DVPL10
12:20:00,190, DVPL2
12:20:00,450, DVPL3
12:20:00,260, DVPL4
12:20:00,345, DVPL5
12:20:00,828, DVPL6
12:20:00,398, DVPL7
12:20:00,218, DVPL8
12:20:00,32, DVPL9
12:20:00,363, HOEL1
12:20:00,313, HOEL10
12:20:00,463, HOEL11
12:20:00,295, HOEL12
12:20:00,324, HOEL13
12:20:00,487, HOEL2
12:20:00,56, HOEL3
12:20:00,178, HOEL4
12:20:00,91, HOEL5
12:20:00,177, HOEL6
12:20:00,85, HOEL8
12:30:00,227, DVPL1
12:30:00,195, DVPL10
12:30:00,245, DVPL2
12:30:00,431, DVPL3
12:30:00,213, DVPL4
12:30:00,394, DVPL5
12:30:00,829, DVPL6
12:30:00,386, DVPL7
12:30:00,228, DVPL8
12:30:00,21, DVPL9
12:30:00,384, HOEL1
12:30:00,316, HOEL10
12:30:00,485, HOEL11
12:30:00,267, HOEL12
12:30:00,241, HOEL13
12:30:00,478, HOEL2
12:30:00,119, HOEL3
12:30:00,229, HOEL4
12:30:00,132, HOEL5
12:30:00,186, HOEL6
12:30:00,56, HOEL8
12:40:00,353, DVPL1
12:40:00,216, DVPL10
12:40:00,242, DVPL2
12:40:00,498, DVPL3
12:40:00,225, DVPL4
12:40:00,341, DVPL5
12:40:00,843, DVPL6
12:40:00,429, DVPL7
12:40:00,236, DVPL8
12:40:00,18, DVPL9
12:40:00,413, HOEL1
12:40:00,291, HOEL10
12:40:00,411, HOEL11
12:40:00,233, HOEL12
12:40:00,264, HOEL13
12:40:00,399, HOEL2
12:40:00,140, HOEL3
12:40:00,258, HOEL4
12:40:00,103, HOEL5
12:40:00,184, HOEL6
12:40:00,68, HOEL8
12:50:00,318, DVPL1
12:50:00,228, DVPL10
12:50:00,233, DVPL2
12:50:00,601, DVPL3
12:50:00,298, DVPL4
12:50:00,293, DVPL5
12:50:00,826, DVPL6
12:50:00,452, DVPL7
12:50:00,245, DVPL8
12:50:00,13, DVPL9
12:50:00,356, HOEL1
12:50:00,348, HOEL10
12:50:00,439, HOEL11
12:50:00,180, HOEL12
12:50:00,302, HOEL13
12:50:00,412, HOEL2
12:50:00,56, HOEL3
12:50:00,214, HOEL4
12:50:00,87, HOEL5
12:50:00,185, HOEL6
12:50:00,77, HOEL8
13:00:00,350, DVPL1
13:00:00,198, DVPL10
13:00:00,231, DVPL2
13:00:00,574, DVPL3
13:00:00,273, DVPL4
13:00:00,279, DVPL5
13:00:00,766, DVPL6
13:00:00,391, DVPL7
13:00:00,233, DVPL8
13:00:00,22, DVPL9
13:00:00,370, HOEL1
13:00:00,356, HOEL10
13:00:00,373, HOEL11
13:00:00,187, HOEL12
13:00:00,363, HOEL13
13:00:00,429, HOEL2
13:00:00,235, HOEL4
13:00:00,76, HOEL5
13:00:00,161, HOEL6
13:00:00,61, HOEL8
13:10:00,349, DVPL1
13:10:00,248, DVPL10
13:10:00,244, DVPL2
13:10:00,602, DVPL3
13:10:00,240, DVPL4
13:10:00,402, DVPL5
13:10:00,837, DVPL6
13:10:00,381, DVPL7
13:10:00,215, DVPL8
13:10:00,9, DVPL9
13:10:00,362, HOEL1
13:10:00,345, HOEL10
13:10:00,375, HOEL11
13:10:00,214, HOEL12
13:10:00,270, HOEL13
13:10:00,468, HOEL2
13:10:00,29, HOEL3
13:10:00,191, HOEL4
13:10:00,82, HOEL5
13:10:00,170, HOEL6
13:10:00,85, HOEL8
13:20:00,343, DVPL1
13:20:00,228, DVPL10
13:20:00,235, DVPL2
13:20:00,589, DVPL3
13:20:00,239, DVPL4
13:20:00,294, DVPL5
13:20:00,828, DVPL6
13:20:00,378, DVPL7
13:20:00,248, DVPL8
13:20:00,50, DVPL9
13:20:00,334, HOEL1
13:20:00,333, HOEL10
13:20:00,356, HOEL11
13:20:00,274, HOEL12
13:20:00,350, HOEL13
13:20:00,403, HOEL2
13:20:00,82, HOEL3
13:20:00,182, HOEL4
13:20:00,68, HOEL5
13:20:00,185, HOEL6
13:20:00,75, HOEL8
13:30:00,363, DVPL1
13:30:00,218, DVPL10
13:30:00,265, DVPL2
13:30:00,544, DVPL3
13:30:00,224, DVPL4
13:30:00,280, DVPL5
13:30:00,802, DVPL6
13:30:00,317, DVPL7
13:30:00,259, DVPL8
13:30:00,24, DVPL9
13:30:00,391, HOEL1
13:30:00,331, HOEL10
13:30:00,322, HOEL11
13:30:00,251, HOEL12
13:30:00,346, HOEL13
13:30:00,393, HOEL2
13:30:00,82, HOEL3
13:30:00,182, HOEL4
13:30:00,59, HOEL5
13:30:00,183, HOEL6
13:30:00,61, HOEL8
13:40:00,336, DVPL1
13:40:00,226, DVPL10
13:40:00,251, DVPL2
13:40:00,514, DVPL3
13:40:00,244, DVPL4
13:40:00,287, DVPL5
13:40:00,860, DVPL6
13:40:00,341, DVPL7
13:40:00,211, DVPL8
13:40:00,37, DVPL9
13:40:00,407, HOEL1
13:40:00,331, HOEL10
13:40:00,285, HOEL11
13:40:00,265, HOEL12
13:40:00,378, HOEL13
13:40:00,414, HOEL2
13:40:00,81, HOEL3
13:40:00,248, HOEL4
13:40:00,108, HOEL5
13:40:00,181, HOEL6
13:40:00,51, HOEL8
13:50:00,381, DVPL1
13:50:00,198, DVPL10
13:50:00,234, DVPL2
13:50:00,450, DVPL3
13:50:00,234, DVPL4
13:50:00,281, DVPL5
13:50:00,900, DVPL6
13:50:00,356, DVPL7
13:50:00,227, DVPL8
13:50:00,24, DVPL9
13:50:00,383, HOEL1
13:50:00,313, HOEL10
13:50:00,323, HOEL11
13:50:00,198, HOEL12
13:50:00,350, HOEL13
13:50:00,401, HOEL2
13:50:00,81, HOEL3
13:50:00,188, HOEL4
13:50:00,91, HOEL5
13:50:00,179, HOEL6
13:50:00,41, HOEL8
14:00:00,324, DVPL1
14:00:00,213, DVPL10
14:00:00,247, DVPL2
14:00:00,377, DVPL3
14:00:00,220, DVPL4
14:00:00,267, DVPL5
14:00:00,874, DVPL6
14:00:00,374, DVPL7
14:00:00,237, DVPL8
14:00:00,45, DVPL9
14:00:00,380, HOEL1
14:00:00,324, HOEL10
14:00:00,248, HOEL11
14:00:00,201, HOEL12
14:00:00,355, HOEL13
14:00:00,383, HOEL2
14:00:00,82, HOEL3
14:00:00,206, HOEL4
14:00:00,53, HOEL5
14:00:00,190, HOEL6
14:00:00,69, HOEL8
14:00:00,7, HOEL9
14:10:00,326, DVPL1
14:10:00,237, DVPL10
14:10:00,241, DVPL2
14:10:00,296, DVPL3
14:10:00,250, DVPL4
14:10:00,328, DVPL5
14:10:00,900, DVPL6
14:10:00,342, DVPL7
14:10:00,209, DVPL8
14:10:00,45, DVPL9
14:10:00,339, HOEL1
14:10:00,344, HOEL10
14:10:00,258, HOEL11
14:10:00,229, HOEL12
14:10:00,356, HOEL13
14:10:00,406, HOEL2
14:10:00,81, HOEL3
14:10:00,208, HOEL4
14:10:00,59, HOEL5
14:10:00,184, HOEL6
14:10:00,44, HOEL8
14:20:00,353, DVPL1
14:20:00,199, DVPL10
14:20:00,233, DVPL2
14:20:00,285, DVPL3
14:20:00,275, DVPL4
14:20:00,310, DVPL5
14:20:00,897, DVPL6
14:20:00,368, DVPL7
14:20:00,226, DVPL8
14:20:00,44, DVPL9
14:20:00,370, HOEL1
14:20:00,349, HOEL10
14:20:00,368, HOEL11
14:20:00,297, HOEL12
14:20:00,360, HOEL13
14:20:00,410, HOEL2
14:20:00,81, HOEL3
14:20:00,159, HOEL4
14:20:00,59, HOEL5
14:20:00,214, HOEL6
14:20:00,7, HOEL7
14:20:00,78, HOEL8
14:30:00,360, DVPL1
14:30:00,219, DVPL10
14:30:00,270, DVPL2
14:30:00,302, DVPL3
14:30:00,338, DVPL4
14:30:00,323, DVPL5
14:30:00,884, DVPL6
14:30:00,312, DVPL7
14:30:00,274, DVPL8
14:30:00,27, DVPL9
14:30:00,421, HOEL1
14:30:00,359, HOEL10
14:30:00,383, HOEL11
14:30:00,291, HOEL12
14:30:00,364, HOEL13
14:30:00,389, HOEL2
14:30:00,79, HOEL3
14:30:00,155, HOEL4
14:30:00,42, HOEL5
14:30:00,174, HOEL6
14:30:00,65, HOEL8
14:40:00,279, DVPL1
14:40:00,222, DVPL10
14:40:00,243, DVPL2
14:40:00,224, DVPL3
14:40:00,300, DVPL4
14:40:00,325, DVPL5
14:40:00,854, DVPL6
14:40:00,272, DVPL7
14:40:00,252, DVPL8
14:40:00,19, DVPL9
14:40:00,426, HOEL1
14:40:00,308, HOEL10
14:40:00,242, HOEL11
14:40:00,233, HOEL12
14:40:00,331, HOEL13
14:40:00,356, HOEL2
14:40:00,80, HOEL3
14:40:00,156, HOEL4
14:40:00,46, HOEL5
14:40:00,213, HOEL6
14:40:00,60, HOEL8
14:50:00,337, DVPL1
14:50:00,227, DVPL10
14:50:00,267, DVPL2
14:50:00,191, DVPL3
14:50:00,279, DVPL4
14:50:00,297, DVPL5
14:50:00,837, DVPL6
14:50:00,257, DVPL7
14:50:00,226, DVPL8
14:50:00,24, DVPL9
14:50:00,384, HOEL1
14:50:00,274, HOEL10
14:50:00,190, HOEL11
14:50:00,214, HOEL12
14:50:00,328, HOEL13
14:50:00,351, HOEL2
14:50:00,80, HOEL3
14:50:00,130, HOEL4
14:50:00,33, HOEL5
14:50:00,212, HOEL6
14:50:00,42, HOEL8
15:00:00,326, DVPL1
15:00:00,191, DVPL10
15:00:00,298, DVPL2
15:00:00,137, DVPL3
15:00:00,261, DVPL4
15:00:00,277, DVPL5
15:00:00,859, DVPL6
15:00:00,262, DVPL7
15:00:00,256, DVPL8
15:00:00,33, DVPL9
15:00:00,402, HOEL1
15:00:00,262, HOEL10
15:00:00,247, HOEL11
15:00:00,223, HOEL12
15:00:00,325, HOEL13
15:00:00,331, HOEL2
15:00:00,79, HOEL3
15:00:00,138, HOEL4
15:00:00,46, HOEL5
15:00:00,210, HOEL6
15:00:00,44, HOEL8
15:10:00,329, DVPL1
15:10:00,218, DVPL10
15:10:00,352, DVPL2
15:10:00,165, DVPL3
15:10:00,306, DVPL4
15:10:00,322, DVPL5
15:10:00,863, DVPL6
15:10:00,301, DVPL7
15:10:00,279, DVPL8
15:10:00,17, DVPL9
15:10:00,422, HOEL1
15:10:00,277, HOEL10
15:10:00,160, HOEL11
15:10:00,218, HOEL12
15:10:00,245, HOEL13
15:10:00,310, HOEL2
15:10:00,79, HOEL3
15:10:00,149, HOEL4
15:10:00,65, HOEL5
15:10:00,220, HOEL6
15:10:00,2, HOEL7
15:10:00,40, HOEL8
15:20:00,291, DVPL1
15:20:00,225, DVPL10
15:20:00,374, DVPL2
15:20:00,140, DVPL3
15:20:00,298, DVPL4
15:20:00,346, DVPL5
15:20:00,846, DVPL6
15:20:00,246, DVPL7
15:20:00,287, DVPL8
15:20:00,27, DVPL9
15:20:00,464, HOEL1
15:20:00,232, HOEL10
15:20:00,92, HOEL11
15:20:00,299, HOEL12
15:20:00,311, HOEL13
15:20:00,329, HOEL2
15:20:00,79, HOEL3
15:20:00,162, HOEL4
15:20:00,41, HOEL5
15:20:00,213, HOEL6
15:20:00,38, HOEL7
15:20:00,41, HOEL8
15:30:00,346, DVPL1
15:30:00,255, DVPL10
15:30:00,341, DVPL2
15:30:00,131, DVPL3
15:30:00,271, DVPL4
15:30:00,352, DVPL5
15:30:00,843, DVPL6
15:30:00,236, DVPL7
15:30:00,315, DVPL8
15:30:00,17, DVPL9
15:30:00,398, HOEL1
15:30:00,218, HOEL10
15:30:00,146, HOEL11
15:30:00,222, HOEL12
15:30:00,336, HOEL13
15:30:00,344, HOEL2
15:30:00,79, HOEL3
15:30:00,157, HOEL4
15:30:00,66, HOEL5
15:30:00,221, HOEL6
15:30:00,5, HOEL7
15:30:00,32, HOEL8
15:40:00,320, DVPL1
15:40:00,247, DVPL10
15:40:00,294, DVPL2
15:40:00,150, DVPL3
15:40:00,272, DVPL4
15:40:00,356, DVPL5
15:40:00,879, DVPL6
15:40:00,214, DVPL7
15:40:00,224, DVPL8
15:40:00,5, DVPL9
15:40:00,376, HOEL1
15:40:00,233, HOEL10
15:40:00,133, HOEL11
15:40:00,260, HOEL12
15:40:00,285, HOEL13
15:40:00,362, HOEL2
15:40:00,62, HOEL3
15:40:00,252, HOEL4
15:40:00,60, HOEL5
15:40:00,192, HOEL6
15:40:00,44, HOEL8
15:50:00,330, DVPL1
15:50:00,193, DVPL10
15:50:00,292, DVPL2
15:50:00,160, DVPL3
15:50:00,262, DVPL4
15:50:00,280, DVPL5
15:50:00,876, DVPL6
15:50:00,222, DVPL7
15:50:00,249, DVPL8
15:50:00,45, DVPL9
15:50:00,312, HOEL1
15:50:00,189, HOEL10
15:50:00,103, HOEL11
15:50:00,230, HOEL12
15:50:00,304, HOEL13
15:50:00,287, HOEL2
15:50:00,178, HOEL4
15:50:00,71, HOEL5
15:50:00,221, HOEL6
15:50:00,2, HOEL7
15:50:00,66, HOEL8
16:00:00,309, DVPL1
16:00:00,196, DVPL10
16:00:00,312, DVPL2
16:00:00,185, DVPL3
16:00:00,253, DVPL4
16:00:00,332, DVPL5
16:00:00,865, DVPL6
16:00:00,172, DVPL7
16:00:00,292, DVPL8
16:00:00,57, DVPL9
16:00:00,339, HOEL1
16:00:00,233, HOEL10
16:00:00,114, HOEL11
16:00:00,214, HOEL12
16:00:00,237, HOEL13
16:00:00,316, HOEL2
16:00:00,160, HOEL4
16:00:00,44, HOEL5
16:00:00,202, HOEL6
16:00:00,41, HOEL8
16:10:00,269, DVPL1
16:10:00,210, DVPL10
16:10:00,347, DVPL2
16:10:00,136, DVPL3
16:10:00,230, DVPL4
16:10:00,359, DVPL5
16:10:00,876, DVPL6
16:10:00,201, DVPL7
16:10:00,284, DVPL8
16:10:00,67, DVPL9
16:10:00,316, HOEL1
16:10:00,144, HOEL10
16:10:00,113, HOEL11
16:10:00,162, HOEL12
16:10:00,232, HOEL13
16:10:00,292, HOEL2
16:10:00,123, HOEL4
16:10:00,39, HOEL5
16:10:00,190, HOEL6
16:10:00,18, HOEL8
16:20:00,234, DVPL1
16:20:00,216, DVPL10
16:20:00,319, DVPL2
16:20:00,134, DVPL3
16:20:00,225, DVPL4
16:20:00,316, DVPL5
16:20:00,851, DVPL6
16:20:00,151, DVPL7
16:20:00,253, DVPL8
16:20:00,68, DVPL9
16:20:00,280, HOEL1
16:20:00,145, HOEL10
16:20:00,91, HOEL11
16:20:00,144, HOEL12
16:20:00,149, HOEL13
16:20:00,241, HOEL2
16:20:00,143, HOEL4
16:20:00,31, HOEL5
16:20:00,194, HOEL6
16:20:00,26, HOEL8
16:30:00,257, DVPL1
16:30:00,179, DVPL10
16:30:00,296, DVPL2
16:30:00,135, DVPL3
16:30:00,188, DVPL4
16:30:00,279, DVPL5
16:30:00,850, DVPL6
16:30:00,136, DVPL7
16:30:00,288, DVPL8
16:30:00,46, DVPL9
16:30:00,285, HOEL1
16:30:00,144, HOEL10
16:30:00,74, HOEL11
16:30:00,166, HOEL12
16:30:00,124, HOEL13
16:30:00,289, HOEL2
16:30:00,129, HOEL4
16:30:00,37, HOEL5
16:30:00,198, HOEL6
16:30:00,25, HOEL8
16:40:00,216, DVPL1
16:40:00,168, DVPL10
16:40:00,288, DVPL2
16:40:00,144, DVPL3
16:40:00,204, DVPL4
16:40:00,286, DVPL5
16:40:00,851, DVPL6
16:40:00,129, DVPL7
16:40:00,270, DVPL8
16:40:00,67, DVPL9
16:40:00,238, HOEL1
16:40:00,119, HOEL10
16:40:00,75, HOEL11
16:40:00,136, HOEL12
16:40:00,148, HOEL13
16:40:00,254, HOEL2
16:40:00,91, HOEL4
16:40:00,40, HOEL5
16:40:00,207, HOEL6
16:40:00,39, HOEL8
16:50:00,200, DVPL1
16:50:00,156, DVPL10
16:50:00,232, DVPL2
16:50:00,139, DVPL3
16:50:00,151, DVPL4
16:50:00,192, DVPL5
16:50:00,840, DVPL6
16:50:00,125, DVPL7
16:50:00,162, DVPL8
16:50:00,65, DVPL9
16:50:00,232, HOEL1
16:50:00,109, HOEL10
16:50:00,53, HOEL11
16:50:00,191, HOEL12
16:50:00,126, HOEL13
16:50:00,232, HOEL2
16:50:00,71, HOEL4
16:50:00,33, HOEL5
16:50:00,199, HOEL6
16:50:00,15, HOEL8
17:00:00,201, DVPL1
17:00:00,139, DVPL10
17:00:00,252, DVPL2
17:00:00,114, DVPL3
17:00:00,160, DVPL4
17:00:00,193, DVPL5
17:00:00,846, DVPL6
17:00:00,108, DVPL7
17:00:00,210, DVPL8
17:00:00,55, DVPL9
17:00:00,197, HOEL1
17:00:00,151, HOEL10
17:00:00,56, HOEL11
17:00:00,143, HOEL12
17:00:00,142, HOEL13
17:00:00,221, HOEL2
17:00:00,89, HOEL4
17:00:00,25, HOEL5
17:00:00,210, HOEL6
17:00:00,39, HOEL8
17:10:00,223, DVPL1
17:10:00,137, DVPL10
17:10:00,243, DVPL2
17:10:00,142, DVPL3
17:10:00,143, DVPL4
17:10:00,243, DVPL5
17:10:00,870, DVPL6
17:10:00,114, DVPL7
17:10:00,148, DVPL8
17:10:00,54, DVPL9
17:10:00,215, HOEL1
17:10:00,100, HOEL10
17:10:00,53, HOEL11
17:10:00,139, HOEL12
17:10:00,79, HOEL13
17:10:00,223, HOEL2
17:10:00,79, HOEL4
17:10:00,25, HOEL5
17:10:00,201, HOEL6
17:10:00,19, HOEL8
17:20:00,196, DVPL1
17:20:00,141, DVPL10
17:20:00,217, DVPL2
17:20:00,125, DVPL3
17:20:00,164, DVPL4
17:20:00,224, DVPL5
17:20:00,852, DVPL6
17:20:00,98, DVPL7
17:20:00,164, DVPL8
17:20:00,66, DVPL9
17:20:00,190, HOEL1
17:20:00,136, HOEL10
17:20:00,82, HOEL11
17:20:00,142, HOEL12
17:20:00,77, HOEL13
17:20:00,155, HOEL2
17:20:00,112, HOEL4
17:20:00,25, HOEL5
17:20:00,194, HOEL6
17:20:00,20, HOEL8
17:30:00,182, DVPL1
17:30:00,178, DVPL10
17:30:00,224, DVPL2
17:30:00,122, DVPL3
17:30:00,167, DVPL4
17:30:00,204, DVPL5
17:30:00,820, DVPL6
17:30:00,119, DVPL7
17:30:00,153, DVPL8
17:30:00,80, DVPL9
17:30:00,134, HOEL1
17:30:00,80, HOEL10
17:30:00,48, HOEL11
17:30:00,170, HOEL12
17:30:00,74, HOEL13
17:30:00,152, HOEL2
17:30:00,112, HOEL4
17:30:00,18, HOEL5
17:30:00,196, HOEL6
17:30:00,13, HOEL8
17:40:00,214, DVPL1
17:40:00,151, DVPL10
17:40:00,199, DVPL2
17:40:00,133, DVPL3
17:40:00,164, DVPL4
17:40:00,216, DVPL5
17:40:00,817, DVPL6
17:40:00,111, DVPL7
17:40:00,145, DVPL8
17:40:00,82, DVPL9
17:40:00,144, HOEL1
17:40:00,79, HOEL10
17:40:00,64, HOEL11
17:40:00,153, HOEL12
17:40:00,75, HOEL13
17:40:00,161, HOEL2
17:40:00,110, HOEL4
17:40:00,21, HOEL5
17:40:00,190, HOEL6
17:40:00,23, HOEL8
17:50:00,183, DVPL1
17:50:00,145, DVPL10
17:50:00,182, DVPL2
17:50:00,131, DVPL3
17:50:00,174, DVPL4
17:50:00,200, DVPL5
17:50:00,789, DVPL6
17:50:00,80, DVPL7
17:50:00,113, DVPL8
17:50:00,117, DVPL9
17:50:00,169, HOEL1
17:50:00,98, HOEL10
17:50:00,42, HOEL11
17:50:00,118, HOEL12
17:50:00,73, HOEL13
17:50:00,126, HOEL2
17:50:00,72, HOEL4
17:50:00,19, HOEL5
17:50:00,210, HOEL6
17:50:00,21, HOEL8
18:00:00,163, DVPL1
18:00:00,103, DVPL10
18:00:00,179, DVPL2
18:00:00,98, DVPL3
18:00:00,139, DVPL4
18:00:00,177, DVPL5
18:00:00,798, DVPL6
18:00:00,64, DVPL7
18:00:00,169, DVPL8
18:00:00,130, DVPL9
18:00:00,133, HOEL1
18:00:00,49, HOEL10
18:00:00,32, HOEL11
18:00:00,60, HOEL12
18:00:00,82, HOEL13
18:00:00,114, HOEL2
18:00:00,49, HOEL4
18:00:00,12, HOEL5
18:00:00,174, HOEL6
18:00:00,9, HOEL8
18:10:00,207, DVPL1
18:10:00,135, DVPL10
18:10:00,172, DVPL2
18:10:00,114, DVPL3
18:10:00,126, DVPL4
18:10:00,227, DVPL5
18:10:00,795, DVPL6
18:10:00,74, DVPL7
18:10:00,133, DVPL8
18:10:00,178, DVPL9
18:10:00,130, HOEL1
18:10:00,68, HOEL10
18:10:00,38, HOEL11
18:10:00,67, HOEL12
18:10:00,64, HOEL13
18:10:00,113, HOEL2
18:10:00,73, HOEL4
18:10:00,15, HOEL5
18:10:00,161, HOEL6
18:10:00,15, HOEL8
18:20:00,182, DVPL1
18:20:00,107, DVPL10
18:20:00,159, DVPL2
18:20:00,98, DVPL3
18:20:00,147, DVPL4
18:20:00,212, DVPL5
18:20:00,742, DVPL6
18:20:00,68, DVPL7
18:20:00,132, DVPL8
18:20:00,188, DVPL9
18:20:00,156, HOEL1
18:20:00,68, HOEL10
18:20:00,25, HOEL11
18:20:00,78, HOEL12
18:20:00,66, HOEL13
18:20:00,127, HOEL2
18:20:00,54, HOEL4
18:20:00,11, HOEL5
18:20:00,175, HOEL6
18:20:00,17, HOEL8
18:30:00,186, DVPL1
18:30:00,96, DVPL10
18:30:00,154, DVPL2
18:30:00,116, DVPL3
18:30:00,132, DVPL4
18:30:00,186, DVPL5
18:30:00,703, DVPL6
18:30:00,65, DVPL7
18:30:00,112, DVPL8
18:30:00,186, DVPL9
18:30:00,126, HOEL1
18:30:00,54, HOEL10
18:30:00,52, HOEL11
18:30:00,70, HOEL12
18:30:00,56, HOEL13
18:30:00,115, HOEL2
18:30:00,49, HOEL4
18:30:00,18, HOEL5
18:30:00,160, HOEL6
18:30:00,25, HOEL8
18:40:00,171, DVPL1
18:40:00,104, DVPL10
18:40:00,129, DVPL2
18:40:00,137, DVPL3
18:40:00,128, DVPL4
18:40:00,155, DVPL5
18:40:00,726, DVPL6
18:40:00,73, DVPL7
18:40:00,120, DVPL8
18:40:00,226, DVPL9
18:40:00,91, HOEL1
18:40:00,43, HOEL10
18:40:00,76, HOEL11
18:40:00,81, HOEL12
18:40:00,54, HOEL13
18:40:00,68, HOEL2
18:40:00,52, HOEL4
18:40:00,15, HOEL5
18:40:00,181, HOEL6
18:40:00,23, HOEL8
18:50:00,179, DVPL1
18:50:00,88, DVPL10
18:50:00,113, DVPL2
18:50:00,105, DVPL3
18:50:00,109, DVPL4
18:50:00,203, DVPL5
18:50:00,681, DVPL6
18:50:00,88, DVPL7
18:50:00,106, DVPL8
18:50:00,209, DVPL9
18:50:00,103, HOEL1
18:50:00,47, HOEL10
18:50:00,65, HOEL11
18:50:00,64, HOEL12
18:50:00,70, HOEL13
18:50:00,85, HOEL2
18:50:00,80, HOEL4
18:50:00,6, HOEL5
18:50:00,180, HOEL6
18:50:00,13, HOEL8
19:00:00,181, DVPL1
19:00:00,92, DVPL10
19:00:00,130, DVPL2
19:00:00,96, DVPL3
19:00:00,144, DVPL4
19:00:00,216, DVPL5
19:00:00,677, DVPL6
19:00:00,53, DVPL7
19:00:00,116, DVPL8
19:00:00,244, DVPL9
19:00:00,119, HOEL1
19:00:00,74, HOEL10
19:00:00,75, HOEL11
19:00:00,111, HOEL12
19:00:00,76, HOEL13
19:00:00,121, HOEL2
19:00:00,95, HOEL4
19:00:00,11, HOEL5
19:00:00,187, HOEL6
19:00:00,15, HOEL8
19:10:00,142, DVPL1
19:10:00,86, DVPL10
19:10:00,82, DVPL2
19:10:00,94, DVPL3
19:10:00,98, DVPL4
19:10:00,181, DVPL5
19:10:00,686, DVPL6
19:10:00,57, DVPL7
19:10:00,98, DVPL8
19:10:00,249, DVPL9
19:10:00,107, HOEL1
19:10:00,116, HOEL10
19:10:00,71, HOEL11
19:10:00,120, HOEL12
19:10:00,79, HOEL13
19:10:00,98, HOEL2
19:10:00,123, HOEL4
19:10:00,14, HOEL5
19:10:00,167, HOEL6
19:10:00,19, HOEL8
19:20:00,138, DVPL1
19:20:00,93, DVPL10
19:20:00,94, DVPL2
19:20:00,86, DVPL3
19:20:00,117, DVPL4
19:20:00,184, DVPL5
19:20:00,679, DVPL6
19:20:00,43, DVPL7
19:20:00,90, DVPL8
19:20:00,275, DVPL9
19:20:00,80, HOEL1
19:20:00,115, HOEL10
19:20:00,54, HOEL11
19:20:00,109, HOEL12
19:20:00,104, HOEL13
19:20:00,84, HOEL2
19:20:00,93, HOEL4
19:20:00,13, HOEL5
19:20:00,157, HOEL6
19:20:00,23, HOEL8
19:30:00,120, DVPL1
19:30:00,88, DVPL10
19:30:00,93, DVPL2
19:30:00,62, DVPL3
19:30:00,110, DVPL4
19:30:00,129, DVPL5
19:30:00,629, DVPL6
19:30:00,64, DVPL7
19:30:00,95, DVPL8
19:30:00,328, DVPL9
19:30:00,88, HOEL1
19:30:00,40, HOEL10
19:30:00,20, HOEL11
19:30:00,72, HOEL12
19:30:00,40, HOEL13
19:30:00,74, HOEL2
19:30:00,89, HOEL4
19:30:00,13, HOEL5
19:30:00,144, HOEL6
19:30:00,29, HOEL8
19:40:00,108, DVPL1
19:40:00,83, DVPL10
19:40:00,88, DVPL2
19:40:00,60, DVPL3
19:40:00,98, DVPL4
19:40:00,146, DVPL5
19:40:00,634, DVPL6
19:40:00,45, DVPL7
19:40:00,92, DVPL8
19:40:00,344, DVPL9
19:40:00,94, HOEL1
19:40:00,41, HOEL10
19:40:00,59, HOEL11
19:40:00,92, HOEL12
19:40:00,102, HOEL13
19:40:00,95, HOEL2
19:40:00,89, HOEL4
19:40:00,18, HOEL5
19:40:00,137, HOEL6
19:40:00,13, HOEL8
19:50:00,106, DVPL1
19:50:00,76, DVPL10
19:50:00,79, DVPL2
19:50:00,49, DVPL3
19:50:00,92, DVPL4
19:50:00,109, DVPL5
19:50:00,618, DVPL6
19:50:00,57, DVPL7
19:50:00,84, DVPL8
19:50:00,272, DVPL9
19:50:00,100, HOEL1
19:50:00,21, HOEL10
19:50:00,14, HOEL11
19:50:00,76, HOEL12
19:50:00,25, HOEL13
19:50:00,74, HOEL2
19:50:00,73, HOEL4
19:50:00,17, HOEL5
19:50:00,112, HOEL6
19:50:00,22, HOEL8
20:00:00,104, DVPL1
20:00:00,74, DVPL10
20:00:00,100, DVPL2
20:00:00,70, DVPL3
20:00:00,89, DVPL4
20:00:00,119, DVPL5
20:00:00,609, DVPL6
20:00:00,70, DVPL7
20:00:00,96, DVPL8
20:00:00,302, DVPL9
20:00:00,86, HOEL1
20:00:00,22, HOEL10
20:00:00,38, HOEL11
20:00:00,55, HOEL12
20:00:00,47, HOEL13
20:00:00,111, HOEL2
20:00:00,55, HOEL4
20:00:00,10, HOEL5
20:00:00,109, HOEL6
20:00:00,20, HOEL8
20:10:00,91, DVPL1
20:10:00,89, DVPL10
20:10:00,89, DVPL2
20:10:00,59, DVPL3
20:10:00,90, DVPL4
20:10:00,94, DVPL5
20:10:00,608, DVPL6
20:10:00,70, DVPL7
20:10:00,117, DVPL8
20:10:00,298, DVPL9
20:10:00,103, HOEL1
20:10:00,36, HOEL10
20:10:00,43, HOEL11
20:10:00,74, HOEL12
20:10:00,79, HOEL13
20:10:00,108, HOEL2
20:10:00,81, HOEL4
20:10:00,20, HOEL5
20:10:00,112, HOEL6
20:10:00,21, HOEL8
20:20:00,102, DVPL1
20:20:00,78, DVPL10
20:20:00,87, DVPL2
20:20:00,39, DVPL3
20:20:00,74, DVPL4
20:20:00,100, DVPL5
20:20:00,565, DVPL6
20:20:00,65, DVPL7
20:20:00,111, DVPL8
20:20:00,283, DVPL9
20:20:00,76, HOEL1
20:20:00,60, HOEL10
20:20:00,51, HOEL11
20:20:00,75, HOEL12
20:20:00,119, HOEL13
20:20:00,117, HOEL2
20:20:00,99, HOEL4
20:20:00,22, HOEL5
20:20:00,111, HOEL6
20:20:00,29, HOEL8
20:30:00,115, DVPL1
20:30:00,68, DVPL10
20:30:00,92, DVPL2
20:30:00,49, DVPL3
20:30:00,101, DVPL4
20:30:00,86, DVPL5
20:30:00,560, DVPL6
20:30:00,62, DVPL7
20:30:00,113, DVPL8
20:30:00,257, DVPL9
20:30:00,103, HOEL1
20:30:00,35, HOEL10
20:30:00,64, HOEL11
20:30:00,65, HOEL12
20:30:00,141, HOEL13
20:30:00,106, HOEL2
20:30:00,106, HOEL4
20:30:00,25, HOEL5
20:30:00,113, HOEL6
20:30:00,43, HOEL8
20:40:00,98, DVPL1
20:40:00,69, DVPL10
20:40:00,91, DVPL2
20:40:00,33, DVPL3
20:40:00,81, DVPL4
20:40:00,104, DVPL5
20:40:00,548, DVPL6
20:40:00,51, DVPL7
20:40:00,96, DVPL8
20:40:00,229, DVPL9
20:40:00,84, HOEL1
20:40:00,39, HOEL10
20:40:00,53, HOEL11
20:40:00,135, HOEL12
20:40:00,115, HOEL13
20:40:00,94, HOEL2
20:40:00,95, HOEL4
20:40:00,14, HOEL5
20:40:00,122, HOEL6
20:40:00,22, HOEL8
20:50:00,89, DVPL1
20:50:00,59, DVPL10
20:50:00,81, DVPL2
20:50:00,38, DVPL3
20:50:00,75, DVPL4
20:50:00,96, DVPL5
20:50:00,540, DVPL6
20:50:00,56, DVPL7
20:50:00,77, DVPL8
20:50:00,213, DVPL9
20:50:00,123, HOEL1
20:50:00,25, HOEL10
20:50:00,51, HOEL11
20:50:00,77, HOEL12
20:50:00,56, HOEL13
20:50:00,108, HOEL2
20:50:00,99, HOEL4
20:50:00,17, HOEL5
20:50:00,102, HOEL6
20:50:00,37, HOEL8
21:00:00,95, DVPL1
21:00:00,60, DVPL10
21:00:00,72, DVPL2
21:00:00,29, DVPL3
21:00:00,63, DVPL4
21:00:00,82, DVPL5
21:00:00,537, DVPL6
21:00:00,56, DVPL7
21:00:00,76, DVPL8
21:00:00,259, DVPL9
21:00:00,86, HOEL1
21:00:00,27, HOEL10
21:00:00,56, HOEL11
21:00:00,44, HOEL12
21:00:00,57, HOEL13
21:00:00,101, HOEL2
21:00:00,68, HOEL4
21:00:00,16, HOEL5
21:00:00,103, HOEL6
21:00:00,38, HOEL8
21:10:00,88, DVPL1
21:10:00,59, DVPL10
21:10:00,82, DVPL2
21:10:00,41, DVPL3
21:10:00,72, DVPL4
21:10:00,104, DVPL5
21:10:00,525, DVPL6
21:10:00,47, DVPL7
21:10:00,88, DVPL8
21:10:00,230, DVPL9
21:10:00,92, HOEL1
21:10:00,16, HOEL10
21:10:00,64, HOEL11
21:10:00,43, HOEL12
21:10:00,54, HOEL13
21:10:00,93, HOEL2
21:10:00,63, HOEL4
21:10:00,11, HOEL5
21:10:00,113, HOEL6
21:10:00,40, HOEL8
21:20:00,76, DVPL1
21:20:00,58, DVPL10
21:20:00,70, DVPL2
21:20:00,46, DVPL3
21:20:00,65, DVPL4
21:20:00,84, DVPL5
21:20:00,494, DVPL6
21:20:00,50, DVPL7
21:20:00,73, DVPL8
21:20:00,264, DVPL9
21:20:00,129, HOEL1
21:20:00,22, HOEL10
21:20:00,109, HOEL11
21:20:00,51, HOEL12
21:20:00,46, HOEL13
21:20:00,113, HOEL2
21:20:00,72, HOEL4
21:20:00,11, HOEL5
21:20:00,90, HOEL6
21:20:00,26, HOEL8
21:30:00,61, DVPL1
21:30:00,53, DVPL10
21:30:00,71, DVPL2
21:30:00,43, DVPL3
21:30:00,77, DVPL4
21:30:00,74, DVPL5
21:30:00,448, DVPL6
21:30:00,50, DVPL7
21:30:00,82, DVPL8
21:30:00,270, DVPL9
21:30:00,98, HOEL1
21:30:00,31, HOEL10
21:30:00,79, HOEL11
21:30:00,80, HOEL12
21:30:00,53, HOEL13
21:30:00,103, HOEL2
21:30:00,104, HOEL4
21:30:00,16, HOEL5
21:30:00,110, HOEL6
21:30:00,45, HOEL8
21:40:00,74, DVPL1
21:40:00,46, DVPL10
21:40:00,93, DVPL2
21:40:00,42, DVPL3
21:40:00,68, DVPL4
21:40:00,77, DVPL5
21:40:00,462, DVPL6
21:40:00,50, DVPL7
21:40:00,86, DVPL8
21:40:00,270, DVPL9
21:40:00,90, HOEL1
21:40:00,24, HOEL10
21:40:00,63, HOEL11
21:40:00,19, HOEL12
21:40:00,55, HOEL13
21:40:00,90, HOEL2
21:40:00,117, HOEL4
21:40:00,9, HOEL5
21:40:00,117, HOEL6
21:40:00,40, HOEL8
21:50:00,54, DVPL1
21:50:00,50, DVPL10
21:50:00,70, DVPL2
21:50:00,17, DVPL3
21:50:00,63, DVPL4
21:50:00,76, DVPL5
21:50:00,437, DVPL6
21:50:00,59, DVPL7
21:50:00,87, DVPL8
21:50:00,305, DVPL9
21:50:00,74, HOEL1
21:50:00,38, HOEL10
21:50:00,79, HOEL11
21:50:00,59, HOEL12
21:50:00,63, HOEL13
21:50:00,116, HOEL2
21:50:00,121, HOEL4
21:50:00,20, HOEL5
21:50:00,111, HOEL6
21:50:00,69, HOEL8
22:00:00,67, DVPL1
22:00:00,65, DVPL10
22:00:00,76, DVPL2
22:00:00,25, DVPL3
22:00:00,60, DVPL4
22:00:00,71, DVPL5
22:00:00,451, DVPL6
22:00:00,68, DVPL7
22:00:00,113, DVPL8
22:00:00,307, DVPL9
22:00:00,81, HOEL1
22:00:00,38, HOEL10
22:00:00,58, HOEL11
22:00:00,60, HOEL12
22:00:00,54, HOEL13
22:00:00,120, HOEL2
22:00:00,126, HOEL4
22:00:00,17, HOEL5
22:00:00,94, HOEL6
22:00:00,96, HOEL8
22:10:00,58, DVPL1
22:10:00,62, DVPL10
22:10:00,64, DVPL2
22:10:00,31, DVPL3
22:10:00,73, DVPL4
22:10:00,59, DVPL5
22:10:00,460, DVPL6
22:10:00,70, DVPL7
22:10:00,76, DVPL8
22:10:00,335, DVPL9
22:10:00,90, HOEL1
22:10:00,58, HOEL10
22:10:00,119, HOEL11
22:10:00,104, HOEL12
22:10:00,112, HOEL13
22:10:00,147, HOEL2
22:10:00,156, HOEL4
22:10:00,24, HOEL5
22:10:00,87, HOEL6
22:10:00,96, HOEL8
22:20:00,81, DVPL1
22:20:00,46, DVPL10
22:20:00,76, DVPL2
22:20:00,52, DVPL3
22:20:00,67, DVPL4
22:20:00,68, DVPL5
22:20:00,411, DVPL6
22:20:00,64, DVPL7
22:20:00,89, DVPL8
22:20:00,344, DVPL9
22:20:00,87, HOEL1
22:20:00,39, HOEL10
22:20:00,102, HOEL11
22:20:00,90, HOEL12
22:20:00,125, HOEL13
22:20:00,155, HOEL2
22:20:00,134, HOEL4
22:20:00,16, HOEL5
22:20:00,79, HOEL6
22:20:00,89, HOEL8
22:30:00,58, DVPL1
22:30:00,58, DVPL10
22:30:00,64, DVPL2
22:30:00,24, DVPL3
22:30:00,71, DVPL4
22:30:00,66, DVPL5
22:30:00,416, DVPL6
22:30:00,55, DVPL7
22:30:00,81, DVPL8
22:30:00,370, DVPL9
22:30:00,73, HOEL1
22:30:00,9, HOEL10
22:30:00,93, HOEL11
22:30:00,29, HOEL12
22:30:00,49, HOEL13
22:30:00,90, HOEL2
22:30:00,83, HOEL4
22:30:00,11, HOEL5
22:30:00,82, HOEL6
22:30:00,70, HOEL8
22:40:00,38, DVPL1
22:40:00,57, DVPL10
22:40:00,70, DVPL2
22:40:00,23, DVPL3
22:40:00,61, DVPL4
22:40:00,74, DVPL5
22:40:00,363, DVPL6
22:40:00,64, DVPL7
22:40:00,57, DVPL8
22:40:00,391, DVPL9
22:40:00,74, HOEL1
22:40:00,8, HOEL10
22:40:00,76, HOEL11
22:40:00,45, HOEL12
22:40:00,31, HOEL13
22:40:00,97, HOEL2
22:40:00,142, HOEL4
22:40:00,12, HOEL5
22:40:00,78, HOEL6
22:40:00,80, HOEL8
22:50:00,40, DVPL1
22:50:00,59, DVPL10
22:50:00,70, DVPL2
22:50:00,20, DVPL3
22:50:00,56, DVPL4
22:50:00,67, DVPL5
22:50:00,344, DVPL6
22:50:00,53, DVPL7
22:50:00,63, DVPL8
22:50:00,364, DVPL9
22:50:00,58, HOEL1
22:50:00,8, HOEL10
22:50:00,55, HOEL11
22:50:00,28, HOEL12
22:50:00,37, HOEL13
22:50:00,131, HOEL2
22:50:00,149, HOEL4
22:50:00,19, HOEL5
22:50:00,78, HOEL6
22:50:00,77, HOEL8
23:00:00,42, DVPL1
23:00:00,56, DVPL10
23:00:00,56, DVPL2
23:00:00,12, DVPL3
23:00:00,49, DVPL4
23:00:00,60, DVPL5
23:00:00,369, DVPL6
23:00:00,36, DVPL7
23:00:00,55, DVPL8
23:00:00,377, DVPL9
23:00:00,49, HOEL1
23:00:00,20, HOEL10
23:00:00,55, HOEL11
23:00:00,29, HOEL12
23:00:00,22, HOEL13
23:00:00,93, HOEL2
23:00:00,126, HOEL4
23:00:00,21, HOEL5
23:00:00,88, HOEL6
23:00:00,98, HOEL8
23:10:00,36, DVPL1
23:10:00,51, DVPL10
23:10:00,47, DVPL2
23:10:00,21, DVPL3
23:10:00,51, DVPL4
23:10:00,39, DVPL5
23:10:00,339, DVPL6
23:10:00,47, DVPL7
23:10:00,64, DVPL8
23:10:00,387, DVPL9
23:10:00,52, HOEL1
23:10:00,15, HOEL10
23:10:00,31, HOEL11
23:10:00,40, HOEL12
23:10:00,16, HOEL13
23:10:00,99, HOEL2
23:10:00,147, HOEL4
23:10:00,26, HOEL5
23:10:00,65, HOEL6
23:10:00,123, HOEL8
23:20:00,36, DVPL1
23:20:00,30, DVPL10
23:20:00,49, DVPL2
23:20:00,9, DVPL3
23:20:00,55, DVPL4
23:20:00,37, DVPL5
23:20:00,307, DVPL6
23:20:00,44, DVPL7
23:20:00,46, DVPL8
23:20:00,359, DVPL9
23:20:00,76, HOEL1
23:20:00,11, HOEL10
23:20:00,43, HOEL11
23:20:00,36, HOEL12
23:20:00,40, HOEL13
23:20:00,94, HOEL2
23:20:00,115, HOEL4
23:20:00,19, HOEL5
23:20:00,70, HOEL6
23:20:00,118, HOEL8
23:30:00,34, DVPL1
23:30:00,50, DVPL10
23:30:00,46, DVPL2
23:30:00,5, DVPL3
23:30:00,48, DVPL4
23:30:00,48, DVPL5
23:30:00,352, DVPL6
23:30:00,50, DVPL7
23:30:00,57, DVPL8
23:30:00,353, DVPL9
23:30:00,50, HOEL1
23:30:00,3, HOEL10
23:30:00,63, HOEL11
23:30:00,39, HOEL12
23:30:00,28, HOEL13
23:30:00,85, HOEL2
23:30:00,97, HOEL4
23:30:00,8, HOEL5
23:30:00,64, HOEL6
23:30:00,105, HOEL8
23:40:00,30, DVPL1
23:40:00,42, DVPL10
23:40:00,37, DVPL2
23:40:00,17, DVPL3
23:40:00,51, DVPL4
23:40:00,42, DVPL5
23:40:00,306, DVPL6
23:40:00,49, DVPL7
23:40:00,45, DVPL8
23:40:00,355, DVPL9
23:40:00,50, HOEL1
23:40:00,16, HOEL10
23:40:00,50, HOEL11
23:40:00,18, HOEL12
23:40:00,28, HOEL13
23:40:00,59, HOEL2
23:40:00,75, HOEL4
23:40:00,8, HOEL5
23:40:00,62, HOEL6
23:40:00,111, HOEL8
23:50:00,29, DVPL1
23:50:00,49, DVPL10
23:50:00,45, DVPL2
23:50:00,27, DVPL3
23:50:00,53, DVPL4
23:50:00,24, DVPL5
23:50:00,235, DVPL6
23:50:00,41, DVPL7
23:50:00,57, DVPL8
23:50:00,326, DVPL9
23:50:00,53, HOEL1
23:50:00,26, HOEL10
23:50:00,86, HOEL11
23:50:00,26, HOEL12
23:50:00,15, HOEL13
23:50:00,48, HOEL2
23:50:00,112, HOEL4
23:50:00,8, HOEL5
23:50:00,48, HOEL6
23:50:00,118, HOEL8
